[
  {
    "id": "6db8c350-edd7-435b-9dd1-09c95d214481",
    "data": [
      {
        "text": "add ",
        "userDefined": false
      },
      {
        "text": "Jessica",
        "alias": "user",
        "meta": "@sys.any",
        "userDefined": true
      },
      {
        "text": " to ",
        "userDefined": false
      },
      {
        "text": "New Staff",
        "alias": "convName",
        "meta": "@sys.any",
        "userDefined": true
      }
    ],
    "isTemplate": false,
    "count": 0,
    "updated": 1551892254
  },
  {
    "id": "302ea391-b62a-4f86-81a0-5179746aa4b8",
    "data": [
      {
        "text": "Add ",
        "userDefined": false
      },
      {
        "text": "Joe",
        "alias": "user",
        "meta": "@sys.any",
        "userDefined": true
      },
      {
        "text": " to ",
        "userDefined": false
      },
      {
        "text": "Buddies",
        "alias": "convName",
        "meta": "@sys.any",
        "userDefined": true
      }
    ],
    "isTemplate": false,
    "count": 0,
    "updated": 1551889613
  },
  {
    "id": "27500706-f7c1-4052-8fdb-c6ab44b58211",
    "data": [
      {
        "text": "Add ",
        "userDefined": false
      },
      {
        "text": "Daniel Howard",
        "alias": "user",
        "meta": "@sys.any",
        "userDefined": false
      },
      {
        "text": " to conversation ",
        "userDefined": false
      },
      {
        "text": "Students",
        "alias": "convName",
        "meta": "@sys.any",
        "userDefined": true
      }
    ],
    "isTemplate": false,
    "count": 0,
    "updated": 1551889613
  },
  {
    "id": "3aafdee3-d374-4141-810e-69d5281eddb6",
    "data": [
      {
        "text": "Add ",
        "userDefined": false
      },
      {
        "text": "Mike",
        "alias": "user",
        "meta": "@sys.any",
        "userDefined": true
      },
      {
        "text": " to conversation ",
        "userDefined": false
      },
      {
        "text": "New Hires",
        "alias": "convName",
        "meta": "@sys.any",
        "userDefined": true
      }
    ],
    "isTemplate": false,
    "count": 0,
    "updated": 1551889613
  },
  {
    "id": "2ccc7a32-b578-4dbf-bf96-7df25eff4260",
    "data": [
      {
        "text": "Add ",
        "userDefined": false
      },
      {
        "text": "Tim",
        "alias": "user",
        "meta": "@sys.any",
        "userDefined": false
      },
      {
        "text": " to ",
        "userDefined": false
      },
      {
        "text": "Staff Meetings",
        "alias": "convName",
        "meta": "@sys.any",
        "userDefined": true
      }
    ],
    "isTemplate": false,
    "count": 0,
    "updated": 1551889613
  },
  {
    "id": "3e5fcf16-2095-4226-a3fb-98a52e0226cd",
    "data": [
      {
        "text": "Add ",
        "userDefined": false
      },
      {
        "text": "Christopher Lubin",
        "alias": "user",
        "meta": "@sys.any",
        "userDefined": true
      },
      {
        "text": " to ",
        "userDefined": false
      },
      {
        "text": "Welcome Group",
        "alias": "convName",
        "meta": "@sys.any",
        "userDefined": true
      }
    ],
    "isTemplate": false,
    "count": 0,
    "updated": 1551889613
  }
]