[
  {
    "id": "fa1a2cf7-d658-45d5-a2e6-8a9f804d5f13",
    "data": [
      {
        "text": "General Chat",
        "alias": "convName",
        "meta": "@sys.any",
        "userDefined": true
      }
    ],
    "isTemplate": false,
    "count": 0,
    "updated": 1551889401
  },
  {
    "id": "50b9e3bd-5066-4e4e-a562-a2f395857730",
    "data": [
      {
        "text": "On-site Workers",
        "alias": "convName",
        "meta": "@sys.any",
        "userDefined": true
      }
    ],
    "isTemplate": false,
    "count": 0,
    "updated": 1551889401
  },
  {
    "id": "59c320cb-0f37-4ec7-9f74-6d81c455210f",
    "data": [
      {
        "text": "Students",
        "alias": "convName",
        "meta": "@sys.any",
        "userDefined": true
      }
    ],
    "isTemplate": false,
    "count": 0,
    "updated": 1551889401
  },
  {
    "id": "c8c4faa7-2b0e-4cc6-990e-10aa2ee79197",
    "data": [
      {
        "text": "Scrum Meetings",
        "alias": "convName",
        "meta": "@sys.any",
        "userDefined": true
      }
    ],
    "isTemplate": false,
    "count": 0,
    "updated": 1551889401
  },
  {
    "id": "6698f255-c5ed-4af6-b4ed-bb9642e77859",
    "data": [
      {
        "text": "Beta Users",
        "alias": "convName",
        "meta": "@sys.any",
        "userDefined": true
      }
    ],
    "isTemplate": false,
    "count": 0,
    "updated": 1551889401
  },
  {
    "id": "a539d603-3ec0-4325-b8df-05cae18d6d3e",
    "data": [
      {
        "text": "General",
        "alias": "convName",
        "meta": "@sys.any",
        "userDefined": true
      }
    ],
    "isTemplate": false,
    "count": 0,
    "updated": 1551889401
  },
  {
    "id": "5220f0a0-f692-49f6-88f3-d1dcf18a0486",
    "data": [
      {
        "text": "Staff Meetings",
        "alias": "convName",
        "meta": "@sys.any",
        "userDefined": true
      }
    ],
    "isTemplate": false,
    "count": 0,
    "updated": 1551889401
  }
]