[
  {
    "id": "2048ffa4-e6d5-495b-8e1f-286b598d11c2",
    "data": [
      {
        "text": "add ",
        "userDefined": false
      },
      {
        "text": "John Doe",
        "alias": "thirdUser",
        "meta": "@sys.any",
        "userDefined": true
      },
      {
        "text": " to my conversation with ",
        "userDefined": false
      },
      {
        "text": "Franchesca",
        "alias": "target",
        "meta": "@sys.any",
        "userDefined": true
      }
    ],
    "isTemplate": false,
    "count": 0
  },
  {
    "id": "6b3f0e92-f6bb-46ea-9013-c851a7c40f6a",
    "data": [
      {
        "text": "add ",
        "userDefined": false
      },
      {
        "text": "Veronica Hertz",
        "alias": "thirdUser",
        "meta": "@sys.any",
        "userDefined": true
      },
      {
        "text": " to my conversation with ",
        "userDefined": false
      },
      {
        "text": "Harrison Mitchel",
        "alias": "target",
        "meta": "@sys.any",
        "userDefined": true
      }
    ],
    "isTemplate": false,
    "count": 0
  },
  {
    "id": "40465291-7386-43e0-a149-fe3a8971b1f3",
    "data": [
      {
        "text": "add ",
        "userDefined": false
      },
      {
        "text": "Billy",
        "alias": "thirdUser",
        "meta": "@sys.any",
        "userDefined": true
      },
      {
        "text": " to my chat with ",
        "userDefined": false
      },
      {
        "text": "Fred Billingstein",
        "alias": "target",
        "meta": "@sys.any",
        "userDefined": true
      }
    ],
    "isTemplate": false,
    "count": 0
  },
  {
    "id": "041785ea-acf5-475a-a98a-f0341421222a",
    "data": [
      {
        "text": "add ",
        "userDefined": false
      },
      {
        "text": "Christopher Lubin",
        "alias": "thirdUser",
        "meta": "@sys.any",
        "userDefined": true
      },
      {
        "text": " to my conversation with ",
        "userDefined": false
      },
      {
        "text": "Sam",
        "alias": "target",
        "meta": "@sys.any",
        "userDefined": true
      }
    ],
    "isTemplate": false,
    "count": 1
  }
]