[
  {
    "id": "2cbb3a52-e6ca-4401-824f-8fe276aaf961",
    "data": [
      {
        "text": "Freddy",
        "alias": "user",
        "meta": "@sys.any",
        "userDefined": true
      }
    ],
    "isTemplate": false,
    "count": 0,
    "updated": 1551889643
  },
  {
    "id": "c0a6948a-9225-48fe-9827-65cea59cab72",
    "data": [
      {
        "text": "Angelica",
        "alias": "user",
        "meta": "@sys.any",
        "userDefined": true
      }
    ],
    "isTemplate": false,
    "count": 0,
    "updated": 1551889643
  },
  {
    "id": "68c7980b-66ce-46b7-935c-249961133355",
    "data": [
      {
        "text": "Tim Hamilton",
        "alias": "user",
        "meta": "@sys.any",
        "userDefined": true
      }
    ],
    "isTemplate": false,
    "count": 0,
    "updated": 1551889643
  },
  {
    "id": "9cc75260-c006-43a1-b657-1977ddaa3db8",
    "data": [
      {
        "text": "Mike",
        "alias": "user",
        "meta": "@sys.any",
        "userDefined": true
      }
    ],
    "isTemplate": false,
    "count": 0,
    "updated": 1551889643
  }
]