[
  {
    "id": "75a7fd0f-4313-483d-b965-b248b7b81d31",
    "data": [
      {
        "text": "Mike",
        "alias": "user",
        "meta": "@sys.any",
        "userDefined": true
      }
    ],
    "isTemplate": false,
    "count": 0
  },
  {
    "id": "f867421c-1129-4ade-9ec6-2959b2c0e11a",
    "data": [
      {
        "text": "Tim Hamilton",
        "alias": "user",
        "meta": "@sys.any",
        "userDefined": true
      }
    ],
    "isTemplate": false,
    "count": 0
  },
  {
    "id": "ef40f980-54f1-4b9c-81b2-39b03bd3e8a4",
    "data": [
      {
        "text": "Angelica",
        "alias": "user",
        "meta": "@sys.any",
        "userDefined": true
      }
    ],
    "isTemplate": false,
    "count": 0
  },
  {
    "id": "636f9a81-e9cd-4f81-b3a2-63a7cdf24a76",
    "data": [
      {
        "text": "Freddy",
        "alias": "user",
        "meta": "@sys.any",
        "userDefined": true
      }
    ],
    "isTemplate": false,
    "count": 0
  }
]