[
  {
    "id": "b185788d-eb7d-42ed-99f9-5882c00c1150",
    "data": [
      {
        "text": "okay",
        "userDefined": false
      }
    ],
    "isTemplate": false,
    "count": 0,
    "updated": 1541904640
  },
  {
    "id": "de9822d3-d838-4540-ae81-339220ed381c",
    "data": [
      {
        "text": "ok",
        "userDefined": false
      }
    ],
    "isTemplate": false,
    "count": 0,
    "updated": 1541904640
  },
  {
    "id": "438875e0-a4ed-42e0-8c6a-1cc3bc3153dd",
    "data": [
      {
        "text": "sure",
        "userDefined": false
      }
    ],
    "isTemplate": false,
    "count": 0,
    "updated": 1541904640
  },
  {
    "id": "4b82c191-2478-45b3-8535-e791be24afe0",
    "data": [
      {
        "text": "yes, please",
        "userDefined": false
      }
    ],
    "isTemplate": false,
    "count": 0,
    "updated": 1541904640
  },
  {
    "id": "71b525ae-a39e-4c74-bbbf-783f1e1f15f0",
    "data": [
      {
        "text": "yep",
        "userDefined": false
      }
    ],
    "isTemplate": false,
    "count": 0,
    "updated": 1541904640
  },
  {
    "id": "329b6622-507a-43d0-b6d2-2e4f493e80b0",
    "data": [
      {
        "text": "yes",
        "userDefined": false
      }
    ],
    "isTemplate": false,
    "count": 0,
    "updated": 1541904640
  }
]