[
  {
    "id": "fc61ba81-3f57-40e0-a4ba-007495a993a3",
    "data": [
      {
        "text": "Nope",
        "userDefined": false
      }
    ],
    "isTemplate": false,
    "count": 0,
    "updated": 1542375881
  },
  {
    "id": "4a6dfcee-efee-4927-abd1-b48688f18944",
    "data": [
      {
        "text": "No, I am good",
        "userDefined": false
      }
    ],
    "isTemplate": false,
    "count": 0,
    "updated": 1542375881
  },
  {
    "id": "ea378adc-b16b-4bd7-a0b5-c302dd82eef9",
    "data": [
      {
        "text": "No, thanks",
        "userDefined": false
      }
    ],
    "isTemplate": false,
    "count": 0,
    "updated": 1542375881
  },
  {
    "id": "d5b458c8-0af2-4621-b13a-b764201f45a2",
    "data": [
      {
        "text": "No",
        "userDefined": false
      }
    ],
    "isTemplate": false,
    "count": 0,
    "updated": 1542375881
  }
]