[
  {
    "id": "8efc3ad3-083d-4b91-871e-c15aa8069181",
    "data": [
      {
        "text": "okay",
        "userDefined": false
      }
    ],
    "isTemplate": false,
    "count": 0,
    "updated": 1541904640
  },
  {
    "id": "f3df7441-9bdd-42bb-a2f6-872d9ee0c6f5",
    "data": [
      {
        "text": "ok",
        "userDefined": false
      }
    ],
    "isTemplate": false,
    "count": 0,
    "updated": 1541904640
  },
  {
    "id": "1b033b26-e130-44d5-99dc-21a48c721eb0",
    "data": [
      {
        "text": "sure",
        "userDefined": false
      }
    ],
    "isTemplate": false,
    "count": 0,
    "updated": 1541904640
  },
  {
    "id": "c20db7c0-c3f7-49f8-a78a-448e5e3ba519",
    "data": [
      {
        "text": "yes, please",
        "userDefined": false
      }
    ],
    "isTemplate": false,
    "count": 0,
    "updated": 1541904640
  },
  {
    "id": "92e45f10-257b-4dbd-987b-9f6fef3b1247",
    "data": [
      {
        "text": "yep",
        "userDefined": false
      }
    ],
    "isTemplate": false,
    "count": 0,
    "updated": 1541904640
  },
  {
    "id": "d3a52095-fc8d-4917-b916-9e7f16f74b59",
    "data": [
      {
        "text": "yes",
        "userDefined": false
      }
    ],
    "isTemplate": false,
    "count": 0,
    "updated": 1541904640
  }
]