[
  {
    "id": "64e41a2f-6d39-4de1-880d-0bd76ee97eb3",
    "data": [
      {
        "text": "No, that\u0027s all",
        "userDefined": false
      }
    ],
    "isTemplate": false,
    "count": 0,
    "updated": 1542376807
  },
  {
    "id": "629688e8-092b-4d6f-b581-e8c123b73b41",
    "data": [
      {
        "text": "Nope",
        "userDefined": false
      }
    ],
    "isTemplate": false,
    "count": 0,
    "updated": 1542375881
  },
  {
    "id": "758bc545-0bd0-4e7e-af47-91cffe500157",
    "data": [
      {
        "text": "No, I am good",
        "userDefined": false
      }
    ],
    "isTemplate": false,
    "count": 0,
    "updated": 1542375881
  },
  {
    "id": "86a765e1-bda6-46f1-9049-359e22c2c303",
    "data": [
      {
        "text": "No, thanks",
        "userDefined": false
      }
    ],
    "isTemplate": false,
    "count": 0,
    "updated": 1542375881
  },
  {
    "id": "c7dc59a9-3cdb-41e4-9c22-35cc5d9a5a96",
    "data": [
      {
        "text": "No",
        "userDefined": false
      }
    ],
    "isTemplate": false,
    "count": 0,
    "updated": 1542375881
  }
]