[
  {
    "id": "ecd9ad36-7850-4228-baab-0508e48b2b96",
    "data": [
      {
        "text": "Tom Peters",
        "alias": "target",
        "meta": "@sys.any",
        "userDefined": true
      }
    ],
    "isTemplate": false,
    "count": 0,
    "updated": 1541853706
  },
  {
    "id": "e7d4a073-c8ea-4ec3-806a-a6879f78231b",
    "data": [
      {
        "text": "Allison Miller",
        "alias": "target",
        "meta": "@sys.any",
        "userDefined": true
      }
    ],
    "isTemplate": false,
    "count": 0,
    "updated": 1541853706
  },
  {
    "id": "f525f75d-8176-4596-9cb6-965177825d6b",
    "data": [
      {
        "text": "Bob",
        "alias": "target",
        "meta": "@sys.any",
        "userDefined": false
      }
    ],
    "isTemplate": false,
    "count": 0,
    "updated": 1541853706
  }
]