[
  {
    "id": "9d6f5304-8082-4426-8f05-7fe0c5b08681",
    "data": [
      {
        "text": "call somebody",
        "userDefined": false
      }
    ],
    "isTemplate": false,
    "count": 0,
    "updated": 1541893957
  },
  {
    "id": "b11d957e-d4fb-4e0d-9afa-62b502828261",
    "data": [
      {
        "text": "make a call",
        "userDefined": false
      }
    ],
    "isTemplate": false,
    "count": 0,
    "updated": 1541893957
  },
  {
    "id": "b40ffb1e-5b78-43bb-8d2f-ff8e92debf5d",
    "data": [
      {
        "text": "call a user",
        "userDefined": false
      }
    ],
    "isTemplate": false,
    "count": 0,
    "updated": 1541893957
  },
  {
    "id": "4c2954a0-fc6e-47e4-98db-36969dc63e0b",
    "data": [
      {
        "text": "Start a call to ",
        "userDefined": false
      },
      {
        "text": "Bob Smith",
        "alias": "target",
        "meta": "@sys.any",
        "userDefined": true
      }
    ],
    "isTemplate": false,
    "count": 0,
    "updated": 1541853360
  },
  {
    "id": "e3fa96a8-2426-43c0-911a-9e0b099a0045",
    "data": [
      {
        "text": "Call ",
        "userDefined": false
      },
      {
        "text": "Allison Ladd",
        "alias": "target",
        "meta": "@sys.any",
        "userDefined": true
      }
    ],
    "isTemplate": false,
    "count": 0,
    "updated": 1541853360
  },
  {
    "id": "022baad3-ce3d-42fb-9f16-ecdd495b6752",
    "data": [
      {
        "text": "Try calling ",
        "userDefined": false
      },
      {
        "text": "Mark",
        "alias": "target",
        "meta": "@sys.any",
        "userDefined": false
      }
    ],
    "isTemplate": false,
    "count": 0,
    "updated": 1541853360
  },
  {
    "id": "cad8c143-851a-4d15-855b-8de0be6932da",
    "data": [
      {
        "text": "Make a call to ",
        "userDefined": false
      },
      {
        "text": "Allison Miller",
        "alias": "target",
        "meta": "@sys.any",
        "userDefined": true
      }
    ],
    "isTemplate": false,
    "count": 0,
    "updated": 1541853360
  },
  {
    "id": "3e52ca79-9d64-4d80-a259-58a7282e64f5",
    "data": [
      {
        "text": "Call ",
        "userDefined": false
      },
      {
        "text": "Bob",
        "alias": "target",
        "meta": "@sys.any",
        "userDefined": false
      }
    ],
    "isTemplate": false,
    "count": 0,
    "updated": 1541853360
  }
]