[
  {
    "id": "66fee99b-5c1c-4c1d-ab42-1d751fe393ee",
    "data": [
      {
        "text": "oh no",
        "userDefined": false
      }
    ],
    "isTemplate": false,
    "count": 0,
    "updated": 1541901406
  },
  {
    "id": "fd61b533-4bcd-43f0-b3cd-792a73569e49",
    "data": [
      {
        "text": "never",
        "userDefined": false
      }
    ],
    "isTemplate": false,
    "count": 0,
    "updated": 1541901406
  },
  {
    "id": "a1092b7c-d450-4c76-a4c5-5ca30d8a58ec",
    "data": [
      {
        "text": "nope",
        "userDefined": false
      }
    ],
    "isTemplate": false,
    "count": 0,
    "updated": 1541901406
  },
  {
    "id": "c6a79a2a-bcdb-4211-a38f-b161bbae2d5d",
    "data": [
      {
        "text": "maybe later",
        "userDefined": false
      }
    ],
    "isTemplate": false,
    "count": 0,
    "updated": 1541901406
  },
  {
    "id": "dcf8cc98-66eb-4cf7-b232-247cf738de4a",
    "data": [
      {
        "text": "no thanks",
        "userDefined": false
      }
    ],
    "isTemplate": false,
    "count": 0,
    "updated": 1541901406
  },
  {
    "id": "f7350977-83d8-4bb5-8040-09ec30ce23d0",
    "data": [
      {
        "text": "no",
        "userDefined": false
      }
    ],
    "isTemplate": false,
    "count": 0,
    "updated": 1541901406
  },
  {
    "id": "a7af5da8-3aa8-41b6-b550-aa1456cb6caa",
    "data": [
      {
        "text": "Not now",
        "userDefined": false
      }
    ],
    "isTemplate": false,
    "count": 0,
    "updated": 1541901406
  }
]