[
  {
    "id": "dda5cfa8-6a7e-4330-a87c-023b0db54cf0",
    "data": [
      {
        "text": "yep",
        "userDefined": false
      }
    ],
    "isTemplate": false,
    "count": 0,
    "updated": 1541901103
  },
  {
    "id": "5fb943ac-fbc5-44b5-b2f9-486c1033b37c",
    "data": [
      {
        "text": "absolutely",
        "userDefined": false
      }
    ],
    "isTemplate": false,
    "count": 0,
    "updated": 1541901103
  },
  {
    "id": "c140571d-813e-452c-b7c8-d4a46e7bd25d",
    "data": [
      {
        "text": "okay",
        "userDefined": false
      }
    ],
    "isTemplate": false,
    "count": 0,
    "updated": 1541901103
  },
  {
    "id": "b63c8029-b8a7-49e9-99ec-d9c3713a0b5c",
    "data": [
      {
        "text": "ok",
        "userDefined": false
      }
    ],
    "isTemplate": false,
    "count": 0,
    "updated": 1541897055
  },
  {
    "id": "6ef1db0d-b883-45fe-9add-99f5c8766384",
    "data": [
      {
        "text": "sure",
        "userDefined": false
      }
    ],
    "isTemplate": false,
    "count": 0,
    "updated": 1541897055
  },
  {
    "id": "1c916cb7-d43b-4eb8-979c-fc4082f4ca60",
    "data": [
      {
        "text": "yeap",
        "userDefined": false
      }
    ],
    "isTemplate": false,
    "count": 0,
    "updated": 1541897055
  },
  {
    "id": "248a958b-f3c4-46dd-8eb7-d2907abeecf9",
    "data": [
      {
        "text": "yes",
        "userDefined": false
      }
    ],
    "isTemplate": false,
    "count": 0,
    "updated": 1541897055
  }
]