[
  {
    "id": "6567a7ca-b1a6-4305-bc6e-3e0ba7b1ada0",
    "data": [
      {
        "text": "call somebody",
        "userDefined": false
      }
    ],
    "isTemplate": false,
    "count": 0,
    "updated": 1541893957
  },
  {
    "id": "dbed6274-7252-4eaa-9bd4-8d1ad708d484",
    "data": [
      {
        "text": "make a call",
        "userDefined": false
      }
    ],
    "isTemplate": false,
    "count": 0,
    "updated": 1541893957
  },
  {
    "id": "83e17923-6e87-4732-9e5e-18aebfd53876",
    "data": [
      {
        "text": "call a user",
        "userDefined": false
      }
    ],
    "isTemplate": false,
    "count": 0,
    "updated": 1541893957
  },
  {
    "id": "605d6ccc-732c-4834-9ffc-8193ba863f6a",
    "data": [
      {
        "text": "Start a call to ",
        "userDefined": false
      },
      {
        "text": "Bob Smith",
        "alias": "target",
        "meta": "@sys.any",
        "userDefined": true
      }
    ],
    "isTemplate": false,
    "count": 0,
    "updated": 1541853360
  },
  {
    "id": "433cb8c7-ac87-40e4-ad84-4021f643774d",
    "data": [
      {
        "text": "Call ",
        "userDefined": false
      },
      {
        "text": "Allison Ladd",
        "alias": "target",
        "meta": "@sys.any",
        "userDefined": true
      }
    ],
    "isTemplate": false,
    "count": 0,
    "updated": 1541853360
  },
  {
    "id": "a9624709-6249-4083-9e98-018605d2f5e1",
    "data": [
      {
        "text": "Try calling ",
        "userDefined": false
      },
      {
        "text": "Mark",
        "alias": "target",
        "meta": "@sys.any",
        "userDefined": false
      }
    ],
    "isTemplate": false,
    "count": 0,
    "updated": 1541853360
  },
  {
    "id": "25b7a286-54b8-4fe6-8e41-e0643a5aa6e1",
    "data": [
      {
        "text": "Make a call to ",
        "userDefined": false
      },
      {
        "text": "Allison Miller",
        "alias": "target",
        "meta": "@sys.any",
        "userDefined": true
      }
    ],
    "isTemplate": false,
    "count": 0,
    "updated": 1541853360
  },
  {
    "id": "1e075c93-a1f4-49a9-a308-6785ab7a2ca2",
    "data": [
      {
        "text": "Call ",
        "userDefined": false
      },
      {
        "text": "Bob",
        "alias": "target",
        "meta": "@sys.any",
        "userDefined": false
      }
    ],
    "isTemplate": false,
    "count": 0,
    "updated": 1541853360
  }
]