[
  {
    "id": "099219c7-4086-4fc4-ae53-13782916bf94",
    "data": [
      {
        "text": "yep",
        "userDefined": false
      }
    ],
    "isTemplate": false,
    "count": 0,
    "updated": 1541901103
  },
  {
    "id": "46cf0ca2-f989-4e36-944d-aeb5dd61b89f",
    "data": [
      {
        "text": "absolutely",
        "userDefined": false
      }
    ],
    "isTemplate": false,
    "count": 0,
    "updated": 1541901103
  },
  {
    "id": "9e5c4ec4-8c59-4856-a8fe-aaa10eac284d",
    "data": [
      {
        "text": "okay",
        "userDefined": false
      }
    ],
    "isTemplate": false,
    "count": 0,
    "updated": 1541901103
  },
  {
    "id": "22a589f4-a428-438e-83b7-050c867fb3a9",
    "data": [
      {
        "text": "ok",
        "userDefined": false
      }
    ],
    "isTemplate": false,
    "count": 0,
    "updated": 1541897055
  },
  {
    "id": "ee36a3dd-f488-409f-9e91-133fedef971a",
    "data": [
      {
        "text": "sure",
        "userDefined": false
      }
    ],
    "isTemplate": false,
    "count": 0,
    "updated": 1541897055
  },
  {
    "id": "29b531af-f9b0-44fd-9015-62a7368d410d",
    "data": [
      {
        "text": "yeap",
        "userDefined": false
      }
    ],
    "isTemplate": false,
    "count": 0,
    "updated": 1541897055
  },
  {
    "id": "0665906c-edf7-459e-aca3-c822c747775c",
    "data": [
      {
        "text": "yes",
        "userDefined": false
      }
    ],
    "isTemplate": false,
    "count": 0,
    "updated": 1541897055
  }
]