[
  {
    "id": "ad34dd0a-4c82-41bc-a248-c8794e18c2cb",
    "data": [
      {
        "text": "Tom Peters",
        "alias": "target",
        "meta": "@sys.any",
        "userDefined": true
      }
    ],
    "isTemplate": false,
    "count": 0,
    "updated": 1541853706
  },
  {
    "id": "85c717c6-17fd-48cf-ab3d-ca15269fe77c",
    "data": [
      {
        "text": "Allison Miller",
        "alias": "target",
        "meta": "@sys.any",
        "userDefined": true
      }
    ],
    "isTemplate": false,
    "count": 0,
    "updated": 1541853706
  },
  {
    "id": "34a3f69c-4aa1-4d23-8da9-be79c7fc8fff",
    "data": [
      {
        "text": "Bob",
        "alias": "target",
        "meta": "@sys.any",
        "userDefined": false
      }
    ],
    "isTemplate": false,
    "count": 0,
    "updated": 1541853706
  }
]