[
  {
    "id": "b16e4a04-80c7-4e66-9538-09b7f461f4ec",
    "data": [
      {
        "text": "oh no",
        "userDefined": false
      }
    ],
    "isTemplate": false,
    "count": 0,
    "updated": 1541901406
  },
  {
    "id": "a98cb168-c271-415d-a106-a67b7b6cfb0e",
    "data": [
      {
        "text": "never",
        "userDefined": false
      }
    ],
    "isTemplate": false,
    "count": 0,
    "updated": 1541901406
  },
  {
    "id": "05dc5a9b-6c3b-4110-bd0c-19551f638f41",
    "data": [
      {
        "text": "nope",
        "userDefined": false
      }
    ],
    "isTemplate": false,
    "count": 0,
    "updated": 1541901406
  },
  {
    "id": "6c2ff679-3511-4fb0-99d6-4fe96391b03b",
    "data": [
      {
        "text": "maybe later",
        "userDefined": false
      }
    ],
    "isTemplate": false,
    "count": 0,
    "updated": 1541901406
  },
  {
    "id": "48e05201-99f1-4851-b022-c58fa4b00654",
    "data": [
      {
        "text": "no thanks",
        "userDefined": false
      }
    ],
    "isTemplate": false,
    "count": 0,
    "updated": 1541901406
  },
  {
    "id": "a8d0d281-9430-4a2f-aa77-a6363807b65b",
    "data": [
      {
        "text": "no",
        "userDefined": false
      }
    ],
    "isTemplate": false,
    "count": 0,
    "updated": 1541901406
  },
  {
    "id": "5a63fa3e-cfbc-4a9a-bdc3-2145adefee39",
    "data": [
      {
        "text": "Not now",
        "userDefined": false
      }
    ],
    "isTemplate": false,
    "count": 0,
    "updated": 1541901406
  }
]