[
  {
    "id": "c794f406-2afa-4ceb-970b-41c5e7bad4b4",
    "data": [
      {
        "text": "Mike",
        "alias": "user",
        "meta": "@sys.any",
        "userDefined": false
      }
    ],
    "isTemplate": false,
    "count": 0
  },
  {
    "id": "243b7179-561f-4105-9ad9-022dc5a15458",
    "data": [
      {
        "text": "Angelica",
        "alias": "user",
        "meta": "@sys.any",
        "userDefined": true
      }
    ],
    "isTemplate": false,
    "count": 0
  },
  {
    "id": "3a297024-0d36-47ca-973a-a9df80e74750",
    "data": [
      {
        "text": "Charlie Wilson",
        "alias": "user",
        "meta": "@sys.any",
        "userDefined": true
      }
    ],
    "isTemplate": false,
    "count": 0
  },
  {
    "id": "5390d027-f095-49a9-9ae6-4f45bb4bdeca",
    "data": [
      {
        "text": "Freddy",
        "alias": "user",
        "meta": "@sys.any",
        "userDefined": true
      }
    ],
    "isTemplate": false,
    "count": 0
  }
]