[
  {
    "id": "4b088c8d-08ca-49f3-a648-a8095a3d0f99",
    "data": [
      {
        "text": "Ben",
        "alias": "user",
        "meta": "@sys.any",
        "userDefined": false
      }
    ],
    "isTemplate": false,
    "count": 0
  },
  {
    "id": "3a1e0ef1-65ce-4257-9b25-934f51815821",
    "data": [
      {
        "text": "Sarah",
        "alias": "user",
        "meta": "@sys.any",
        "userDefined": false
      }
    ],
    "isTemplate": false,
    "count": 0
  },
  {
    "id": "0f3bff4b-d561-4784-837c-16d14ffe748a",
    "data": [
      {
        "text": "Charles Smith",
        "alias": "user",
        "meta": "@sys.any",
        "userDefined": true
      }
    ],
    "isTemplate": false,
    "count": 0
  },
  {
    "id": "2935b5fc-1a62-43a4-8892-174b36dd3591",
    "data": [
      {
        "text": "Chris",
        "alias": "user",
        "meta": "@sys.any",
        "userDefined": false
      }
    ],
    "isTemplate": false,
    "count": 0
  }
]