[
  {
    "id": "feecfd7a-0f74-4b85-b82a-6a90ac817914",
    "data": [
      {
        "text": "Staff Meetings",
        "alias": "convName",
        "meta": "@sys.any",
        "userDefined": true
      }
    ],
    "isTemplate": false,
    "count": 0
  },
  {
    "id": "80a6752a-0748-4cf8-a209-d6de07a7a905",
    "data": [
      {
        "text": "General",
        "alias": "convName",
        "meta": "@sys.any",
        "userDefined": true
      }
    ],
    "isTemplate": false,
    "count": 0
  },
  {
    "id": "1a9c944b-dddf-4831-9298-e5f5409893e5",
    "data": [
      {
        "text": "Beta Users",
        "alias": "convName",
        "meta": "@sys.any",
        "userDefined": true
      }
    ],
    "isTemplate": false,
    "count": 0
  },
  {
    "id": "6b7b4af4-535e-40d1-8514-9d41d39fa55e",
    "data": [
      {
        "text": "Scrum Meetings",
        "alias": "convName",
        "meta": "@sys.any",
        "userDefined": true
      }
    ],
    "isTemplate": false,
    "count": 0
  },
  {
    "id": "1c7c79fd-67c7-4034-b85e-71f3ab9976d7",
    "data": [
      {
        "text": "Students",
        "alias": "convName",
        "meta": "@sys.any",
        "userDefined": true
      }
    ],
    "isTemplate": false,
    "count": 0
  },
  {
    "id": "755ea80c-50b0-43a7-830a-8c5c96119f4c",
    "data": [
      {
        "text": "On-site Workers",
        "alias": "convName",
        "meta": "@sys.any",
        "userDefined": true
      }
    ],
    "isTemplate": false,
    "count": 0
  },
  {
    "id": "a76f6dc2-e3fe-40d3-9b07-c292242e119b",
    "data": [
      {
        "text": "General Chat",
        "alias": "convName",
        "meta": "@sys.any",
        "userDefined": true
      }
    ],
    "isTemplate": false,
    "count": 0
  }
]