[
  {
    "id": "04c29ca5-bd97-4ed3-96fe-de639e434ed3",
    "data": [
      {
        "text": "delete ",
        "userDefined": false
      },
      {
        "text": "Sarah",
        "alias": "user",
        "meta": "@sys.any",
        "userDefined": true
      },
      {
        "text": " from ",
        "userDefined": false
      },
      {
        "text": "Foosball Tournament",
        "alias": "convName",
        "meta": "@sys.any",
        "userDefined": true
      }
    ],
    "isTemplate": false,
    "count": 0
  },
  {
    "id": "26dfbc08-fb3b-4044-8216-a514e79ce56b",
    "data": [
      {
        "text": "remove ",
        "userDefined": false
      },
      {
        "text": "Jane Doe",
        "alias": "user",
        "meta": "@sys.any",
        "userDefined": true
      },
      {
        "text": " from the ",
        "userDefined": false
      },
      {
        "text": "Daily Meetings",
        "alias": "convName",
        "meta": "@sys.any",
        "userDefined": true
      },
      {
        "text": " conversation",
        "userDefined": false
      }
    ],
    "isTemplate": false,
    "count": 0
  },
  {
    "id": "0d8d1533-c5ee-47ca-8311-4f0c62a2fe0b",
    "data": [
      {
        "text": "delete ",
        "userDefined": false
      },
      {
        "text": "Shaun Smith",
        "alias": "user",
        "meta": "@sys.any",
        "userDefined": true
      },
      {
        "text": " from the conversation ",
        "userDefined": false
      },
      {
        "text": "General",
        "alias": "convName",
        "meta": "@sys.any",
        "userDefined": true
      }
    ],
    "isTemplate": false,
    "count": 0
  },
  {
    "id": "ab9e3ffb-7f73-4e64-98fa-2ef8edc9ca3b",
    "data": [
      {
        "text": "remove ",
        "userDefined": false
      },
      {
        "text": "Billy",
        "alias": "user",
        "meta": "@sys.any",
        "userDefined": true
      },
      {
        "text": " from ",
        "userDefined": false
      },
      {
        "text": "New Hires",
        "alias": "convName",
        "meta": "@sys.any",
        "userDefined": true
      }
    ],
    "isTemplate": false,
    "count": 0
  }
]