[
  {
    "id": "5f010999-c64b-43e2-87f2-5a6df04b4204",
    "data": [
      {
        "text": "just ",
        "userDefined": false
      },
      {
        "text": "what\u0027 new",
        "alias": "target",
        "meta": "@sys.any",
        "userDefined": true
      }
    ],
    "isTemplate": false,
    "count": 0,
    "updated": 1541982996
  },
  {
    "id": "9faecd2a-f6a3-4109-a2fb-083985134381",
    "data": [
      {
        "text": "just ",
        "userDefined": false
      },
      {
        "text": "trivia",
        "alias": "target",
        "meta": "@sys.any",
        "userDefined": true
      }
    ],
    "isTemplate": false,
    "count": 0,
    "updated": 1541982996
  },
  {
    "id": "2115e985-9908-4eac-878e-6637702fd30e",
    "data": [
      {
        "text": "anything",
        "alias": "target",
        "meta": "@sys.any",
        "userDefined": true
      }
    ],
    "isTemplate": false,
    "count": 0,
    "updated": 1538750742
  },
  {
    "id": "a2445cc1-38fe-4264-8622-a5b295d6a158",
    "data": [
      {
        "text": "jane doe",
        "alias": "target",
        "meta": "@sys.any",
        "userDefined": true
      }
    ],
    "isTemplate": false,
    "count": 0,
    "updated": 1538750742
  },
  {
    "id": "771be844-5169-4143-a902-d88c54d56379",
    "data": [
      {
        "text": "ted Bundy",
        "alias": "target",
        "meta": "@sys.any",
        "userDefined": true
      }
    ],
    "isTemplate": false,
    "count": 0,
    "updated": 1538750742
  }
]