[
  {
    "id": "a5d166e2-74fa-44ce-98f6-95b9d7701ec1",
    "data": [
      {
        "text": "post a message in conversation ",
        "userDefined": false
      },
      {
        "text": "what\u0027s new",
        "alias": "target",
        "meta": "@sys.any",
        "userDefined": true
      }
    ],
    "isTemplate": false,
    "count": 0,
    "updated": 1541982798
  },
  {
    "id": "85879274-3f4a-43dc-86b7-a85739e06f7a",
    "data": [
      {
        "text": "send a message in the conversation ",
        "userDefined": false
      },
      {
        "text": "trivia",
        "alias": "target",
        "meta": "@sys.any",
        "userDefined": true
      }
    ],
    "isTemplate": false,
    "count": 0,
    "updated": 1541982798
  },
  {
    "id": "730ec849-b629-437e-8d3e-d9389931df1c",
    "data": [
      {
        "text": "send ",
        "userDefined": false
      },
      {
        "text": "hello",
        "alias": "message",
        "meta": "@sys.any",
        "userDefined": true
      },
      {
        "text": " to ",
        "userDefined": false
      },
      {
        "text": "bob",
        "alias": "target",
        "meta": "@sys.any",
        "userDefined": true
      }
    ],
    "isTemplate": false,
    "count": 0,
    "updated": 1538576554
  },
  {
    "id": "86ba8db1-01fa-477f-9e9b-e9150fcfeef6",
    "data": [
      {
        "text": "post ",
        "userDefined": false
      },
      {
        "text": "good morning",
        "alias": "message",
        "meta": "@sys.any",
        "userDefined": true
      },
      {
        "text": " to ",
        "userDefined": false
      },
      {
        "text": "allison",
        "alias": "target",
        "meta": "@sys.any",
        "userDefined": true
      }
    ],
    "isTemplate": false,
    "count": 0,
    "updated": 1538576554
  },
  {
    "id": "7a7f9676-149c-429e-bbc8-057ce6062e34",
    "data": [
      {
        "text": "post in a ",
        "userDefined": false
      },
      {
        "text": "conversation",
        "meta": "@sys.ignore",
        "userDefined": false
      }
    ],
    "isTemplate": false,
    "count": 0,
    "updated": 1538576554
  },
  {
    "id": "773a76fe-9c68-40ac-9028-567ba445a073",
    "data": [
      {
        "text": "post a message",
        "userDefined": false
      }
    ],
    "isTemplate": false,
    "count": 0,
    "updated": 1538576324
  },
  {
    "id": "b670eef5-9d32-4899-886a-418e42902070",
    "data": [
      {
        "text": "send a text message",
        "userDefined": false
      }
    ],
    "isTemplate": false,
    "count": 0,
    "updated": 1538576324
  },
  {
    "id": "25758fba-cd90-4d0c-ac2b-9ca2033dfd2e",
    "data": [
      {
        "text": "post a message in ",
        "userDefined": false
      },
      {
        "text": "what\u0027s new",
        "alias": "target",
        "meta": "@sys.any",
        "userDefined": true
      }
    ],
    "isTemplate": false,
    "count": 0,
    "updated": 1538576554
  },
  {
    "id": "adb8bf09-3395-4ca0-a86d-a851000acbf7",
    "data": [
      {
        "text": "send a message to ",
        "userDefined": false
      },
      {
        "text": "bob",
        "alias": "target",
        "meta": "@sys.any",
        "userDefined": true
      }
    ],
    "isTemplate": false,
    "count": 0,
    "updated": 1538576554
  },
  {
    "id": "af2d2b38-2403-4893-921f-09b58de172e0",
    "data": [
      {
        "text": "send a message",
        "userDefined": false
      }
    ],
    "isTemplate": false,
    "count": 0,
    "updated": 1538576324
  }
]