[
  {
    "id": "650c5955-db27-475a-935d-8e17ea1ed566",
    "data": [
      {
        "text": "just ",
        "userDefined": false
      },
      {
        "text": "what\u0027 new",
        "alias": "target",
        "meta": "@sys.any",
        "userDefined": true
      }
    ],
    "isTemplate": false,
    "count": 0,
    "updated": 1541982996
  },
  {
    "id": "ccabc65f-5f44-481b-82dc-9edc761cd5b7",
    "data": [
      {
        "text": "just ",
        "userDefined": false
      },
      {
        "text": "trivia",
        "alias": "target",
        "meta": "@sys.any",
        "userDefined": true
      }
    ],
    "isTemplate": false,
    "count": 0,
    "updated": 1541982996
  },
  {
    "id": "2cab6ea7-eb70-4403-92e2-a5f5060beb57",
    "data": [
      {
        "text": "anything",
        "alias": "target",
        "meta": "@sys.any",
        "userDefined": true
      }
    ],
    "isTemplate": false,
    "count": 0,
    "updated": 1538750742
  },
  {
    "id": "0844d32e-7ed5-4a27-b436-c55cfac173e3",
    "data": [
      {
        "text": "jane doe",
        "alias": "target",
        "meta": "@sys.any",
        "userDefined": true
      }
    ],
    "isTemplate": false,
    "count": 0,
    "updated": 1538750742
  },
  {
    "id": "d3355df4-6a71-4893-9538-27d2599b8db8",
    "data": [
      {
        "text": "ted Bundy",
        "alias": "target",
        "meta": "@sys.any",
        "userDefined": true
      }
    ],
    "isTemplate": false,
    "count": 0,
    "updated": 1538750742
  }
]