[
  {
    "id": "31bd0f68-627c-4d3d-a5fc-1f8d97b6281b",
    "data": [
      {
        "text": "post a message in conversation ",
        "userDefined": false
      },
      {
        "text": "what\u0027s new",
        "alias": "target",
        "meta": "@sys.any",
        "userDefined": true
      }
    ],
    "isTemplate": false,
    "count": 0,
    "updated": 1541982798
  },
  {
    "id": "52c7be28-7b8a-48d0-b39a-07a4f14874a5",
    "data": [
      {
        "text": "send a message in the conversation ",
        "userDefined": false
      },
      {
        "text": "trivia",
        "alias": "target",
        "meta": "@sys.any",
        "userDefined": true
      }
    ],
    "isTemplate": false,
    "count": 0,
    "updated": 1541982798
  },
  {
    "id": "8c599e0f-baef-405e-b990-df21354f8a73",
    "data": [
      {
        "text": "send ",
        "userDefined": false
      },
      {
        "text": "hello",
        "alias": "message",
        "meta": "@sys.any",
        "userDefined": true
      },
      {
        "text": " to ",
        "userDefined": false
      },
      {
        "text": "bob",
        "alias": "target",
        "meta": "@sys.any",
        "userDefined": true
      }
    ],
    "isTemplate": false,
    "count": 0,
    "updated": 1538576554
  },
  {
    "id": "fd8ca623-f0a8-414e-a1eb-381b724adec0",
    "data": [
      {
        "text": "post ",
        "userDefined": false
      },
      {
        "text": "good morning",
        "alias": "message",
        "meta": "@sys.any",
        "userDefined": true
      },
      {
        "text": " to ",
        "userDefined": false
      },
      {
        "text": "allison",
        "alias": "target",
        "meta": "@sys.any",
        "userDefined": true
      }
    ],
    "isTemplate": false,
    "count": 0,
    "updated": 1538576554
  },
  {
    "id": "e52d9940-502c-4200-a711-2eb492959d32",
    "data": [
      {
        "text": "post in a ",
        "userDefined": false
      },
      {
        "text": "conversation",
        "meta": "@sys.ignore",
        "userDefined": false
      }
    ],
    "isTemplate": false,
    "count": 0,
    "updated": 1538576554
  },
  {
    "id": "e060bb5e-6c12-457c-9679-060e04da8fe1",
    "data": [
      {
        "text": "post a message",
        "userDefined": false
      }
    ],
    "isTemplate": false,
    "count": 0,
    "updated": 1538576324
  },
  {
    "id": "74a7f514-41e3-40e9-a796-7530f73823cc",
    "data": [
      {
        "text": "send a text message",
        "userDefined": false
      }
    ],
    "isTemplate": false,
    "count": 0,
    "updated": 1538576324
  },
  {
    "id": "a82647fa-aebc-4ab5-ad8a-30cb4b7bb654",
    "data": [
      {
        "text": "post a message in ",
        "userDefined": false
      },
      {
        "text": "what\u0027s new",
        "alias": "target",
        "meta": "@sys.any",
        "userDefined": true
      }
    ],
    "isTemplate": false,
    "count": 0,
    "updated": 1538576554
  },
  {
    "id": "b4dc8587-6681-44f7-9465-ff6a487530fc",
    "data": [
      {
        "text": "send a message to ",
        "userDefined": false
      },
      {
        "text": "bob",
        "alias": "target",
        "meta": "@sys.any",
        "userDefined": true
      }
    ],
    "isTemplate": false,
    "count": 0,
    "updated": 1538576554
  },
  {
    "id": "8721bf7f-48de-4307-88d7-dcd4555f8840",
    "data": [
      {
        "text": "send a message",
        "userDefined": false
      }
    ],
    "isTemplate": false,
    "count": 0,
    "updated": 1538576324
  }
]