{
  "id": "0947d01e-c4c4-49d4-a2dd-d474715f6800",
  "name": "user",
  "isOverridable": true,
  "entries": [
    {
      "value": "user",
      "synonyms": [
        "user",
        "person"
      ]
    },
    {
      "value": "Rodrigo Pastro",
      "synonyms": [
        "Rodrigo Pastro"
      ]
    },
    {
      "value": "Paul Maddison",
      "synonyms": [
        "Paul Maddison"
      ]
    },
    {
      "value": "Bob Smith",
      "synonyms": [
        "Bob Smith"
      ]
    },
    {
      "value": "paul",
      "synonyms": [
        "paul"
      ]
    },
    {
      "value": "peter",
      "synonyms": [
        "peter"
      ]
    },
    {
      "value": "johannes",
      "synonyms": [
        "johannes"
      ]
    }
  ],
  "isEnum": false,
  "automatedExpansion": false
}